Symbol,Source
reliance,nse
tcs,nse
hdfcbank,nse
icicibank,nse
bhartiartl,nse
sbin,nse
infy,nse
lici,nse
itc,nse
hindunilvr,nse
lt,nse
bajfinance,nse
hcltech,nse
maruti,nse
sunpharma,nse
adanient,nse
kotakbank,nse
titan,nse
ongc,nse
tatamotors,nse
ntpc,nse
axisbank,nse
dmart,nse
adanigreen,nse
adaniports,nse
ultracemco,nse
asianpaint,nse
coalindia,nse
bajajfinsv,nse
bajaj-auto,nse
powergrid,nse
nestleind,nse
wipro,nse
m&m,nse
ioc,nse
jiofin,nse
hal,nse
dlf,nse
adanipower,nse
jswsteel,nse
tatasteel,nse
siemens,nse
irfc,nse
vbl,nse
zomato,nse
pidilitind,nse
grasim,nse
sbilife,nse
bel,nse
ltim,nse
trent,nse
pnb,nse
indigo,nse
bankbaroda,nse
hdfclife,nse
abb,nse
bpcl,nse
pfc,nse
godrejcp,nse
tatapower,nse
hindalco,nse
hindzinc,nse
techm,nse
ambujacem,nse
indusindbk,nse
cipla,nse
gail,nse
recltd,nse
britannia,nse
unionbank,nse
adaniensol,nse
iob,nse
lodha,nse
eichermot,nse
canbk,nse
tataconsum,nse
drreddy,nse
tvsmotor,nse
zyduslife,nse
atgl,nse
vedl,nse
cholafin,nse
havells,nse
heromotoco,nse
dabur,nse
shreecem,nse
mankind,nse
bajajhldng,nse
divislab,nse
apollohosp,nse
nhpc,nse
shriramfin,nse
boschltd,nse
torntpharm,nse
icicipruli,nse
idbi,nse
jswenergy,nse
jindalstel,nse
bhel,nse
indhotel,nse
cumminsind,nse
icicigi,nse
cgpower,nse
mcdowell-n,nse
hdfcamc,nse
maxhealth,nse
solarinds,nse
motherson,nse
industower,nse
polycab,nse
ofss,nse
srf,nse
irctc,nse
colpal,nse
lupin,nse
naukri,nse
tiindia,nse
indianb,nse
hindpetro,nse
bergepaint,nse
yesbank,nse
torntpower,nse
oil,nse
sbicard,nse
idea,nse
marico,nse
godrejprop,nse
auropharma,nse
ucobank,nse
bankindia,nse
persistent,nse
muthootfin,nse
nmdc,nse
alkem,nse
piind,nse
ltts,nse
gicre,nse
tatacomm,nse
jsl,nse
mrf,nse
sail,nse
pghh,nse
suzlon,nse
lindeindia,nse
supremeind,nse
concor,nse
oberoirlty,nse
astral,nse
idfcfirstb,nse
rvnl,nse
bharatforg,nse
centralbk,nse
jswinfra,nse
policybzr,nse
ashokley,nse
thermax,nse
phoenixltd,nse
gmrinfra,nse
tataelxsi,nse
patanjali,nse
sjvn,nse
prestige,nse
acc,nse
nykaa,nse
sundarmfin,nse
ubl,nse
abcapital,nse
mphasis,nse
balkrisind,nse
dixon,nse
mahabank,nse
kalyankjil,nse
schaeffler,nse
awl,nse
aplapollo,nse
tatatech,nse
sonacoms,nse
kpittech,nse
fact,nse
psb,nse
petronet,nse
l&tfh,nse
unominda,nse
pageind,nse
mrpl,nse
aubank,nse
mazdock,nse
hudco,nse
gujgasltd,nse
niacl,nse
crisil,nse
aiaeng,nse
federalbnk,nse
ireda,nse
voltas,nse
dalbharat,nse
poonawalla,nse
medanta,nse
irb,nse
3mindia,nse
mfsl,nse
m&mfin,nse
upl,nse
honaut,nse
bse,nse
fluorochem,nse
coforge,nse
lichsgfin,nse
glaxo,nse
delhivery,nse
bdl,nse
starhealth,nse
fortis,nse
biocon,nse
coromandel,nse
nlcindia,nse
tatainvest,nse
jkcement,nse
ipcalab,nse
metrobrand,nse
kei,nse
escorts,nse
lloydsme,nse
gland,nse
igl,nse
nam-india,nse
apollotyre,nse
jublfood,nse
powerindia,nse
msumi,nse
bandhanbnk,nse
deepakntr,nse
zfcvindia,nse
ajantpharm,nse
kprmill,nse
syngene,nse
eihotel,nse
aparinds,nse
nationalum,nse
tatachem,nse
glenmark,nse
hindcopper,nse
godrejind,nse
nh,nse
bluestarco,nse
exideind,nse
endurance,nse
jbchepharm,nse
paytm,nse
angelone,nse
motilalofs,nse
iti,nse
360one,nse
carboruniv,nse
aartiind,nse
suntv,nse
kiocl,nse
isec,nse
radico,nse
sundrmfast,nse
creditacc,nse
cochinship,nse
hatsun,nse
manyavar,nse
cyient,nse
get&d,nse
brigade,nse
timken,nse
nbcc,nse
jbma,nse
gillette,nse
kansainer,nse
lauruslabs,nse
grindwell,nse
fivestar,nse
swanenergy,nse
cholahldng,nse
ircon,nse
skfindia,nse
bsoft,nse
asterdm,nse
relaxo,nse
sonatsoftw,nse
gspl,nse
ratnamani,nse
abfrl,nse
aplltd,nse
pfizer,nse
ramcocem,nse
signature,nse
pel,nse
elgiequip,nse
lalpathlab,nse
emamiltd,nse
sanofi,nse
jyoticnc,nse
trident,nse
castrolind,nse
kajariacer,nse
kaynes,nse
centurytex,nse
chalet,nse
devyani,nse
cdsl,nse
kec,nse
schneider,nse
idfc,nse
bataindia,nse
cieindia,nse
kpil,nse
rrkabel,nse
sumichem,nse
natcopharm,nse
suvenphar,nse
crompton,nse
triturbine,nse
pplpharma,nse
inoxwind,nse
ace,nse
atul,nse
cgcl,nse
tvshltd,nse
shyammetl,nse
nuvama,nse
kims,nse
cello,nse
pnbhousing,nse
redington,nse
laxmimach,nse
jyothylab,nse
cesc,nse
godfryphlp,nse
nslnisp,nse
rites,nse
concordbio,nse
indiamart,nse
aegischem,nse
olectra,nse
whirlpool,nse
anandrathi,nse
navinfluor,nse
jwl,nse
aptus,nse
fincables,nse
finpipe,nse
polymed,nse
vinatiorga,nse
intellect,nse
jaibalaji,nse
j&kbank,nse
karurvysya,nse
bluedart,nse
manappuram,nse
affle,nse
ncc,nse
rblbank,nse
ttml,nse
basf,nse
vguard,nse
cams,nse
geship,nse
centuryply,nse
clean,nse
jindalsaw,nse
fsl,nse
zensartech,nse
sobha,nse
chamblfert,nse
datapattns,nse
chennpetro,nse
welcorp,nse
mgl,nse
ksb,nse
welspunliv,nse
hscl,nse
dcmshriram,nse
astrazen,nse
zeel,nse
beml,nse
hfcl,nse
rainbow,nse
abslamc,nse
honasa,nse
asahiindia,nse
pvrinox,nse
are&m,nse
iifl,nse
bls,nse
alokinds,nse
vtl,nse
grinfra,nse
hblpower,nse
westlife,nse
rkforge,nse
kirloseng,nse
titagarh,nse
fineorg,nse
amber,nse
bikaji,nse
swsolar,nse
raymond,nse
iex,nse
sparc,nse
graphite,nse
splpetro,nse
railtel,nse
ingerrand,nse
eclerx,nse
juniper,nse
eris,nse
rhim,nse
enginersin,nse
mahseamles,nse
happstmnds,nse
jktyre,nse
tejasnet,nse
pncinfra,nse
newgen,nse
inoxindia,nse
tanla,nse
birlacorpn,nse
bbtc,nse
gmdcltd,nse
nuvoco,nse
akzoindia,nse
ceatltd,nse
rpower,nse
relinfra,nse
gpil,nse
elecon,nse
anantraj,nse
electcast,nse
dbrealty,nse
equitasbnk,nse
kfintech,nse
bajajelec,nse
latentview,nse
jppower,nse
granules,nse
aavas,nse
aether,nse
utiamc,nse
lemontree,nse
jklakshmi,nse
gppl,nse
sfl,nse
pcbl,nse
mapmyindia,nse
route,nse
canfinhome,nse
cub,nse
sapphire,nse
caplipoint,nse
mindacorp,nse
mmtc,nse
ptcil,nse
ifci,nse
prajind,nse
voltamp,nse
sci,nse
ushamart,nse
eidparry,nse
rtnindia,nse
anuras,nse
gls,nse
doms,nse
infibeam,nse
forcemot,nse
zyduswell,nse
starcement,nse
godrejagro,nse
ttkprestig,nse
alkylamine,nse
gnfc,nse
kpigreen,nse
craftsman,nse
mahlife,nse
redtape,nse
jublpharma,nse
netweb,nse
network18,nse
prsmjohnsn,nse
metropolis,nse
cera,nse
sbfc,nse
grse,nse
kirlosbros,nse
ujjivansfb,nse
shripiston,nse
renuka,nse
rategain,nse
wockpharma,nse
safari,nse
happyforge,nse
technoe,nse
shoperstop,nse
ibulhsgfin,nse
syrma,nse
tega,nse
aci,nse
medplus,nse
mahscooter,nse
neulandlab,nse
azad,nse
esabindia,nse
galaxysurf,nse
zentec,nse
jswhl,nse
tv18brdcst,nse
homefirst,nse
mhril,nse
powermech,nse
ktkbank,nse
jlhl,nse
mastek,nse
pghl,nse
thomascook,nse
ccl,nse
gsfc,nse
rajeshexpo,nse
quess,nse
varroc,nse
tmb,nse
maninfra,nse
easemytrip,nse
vipind,nse
ionexchang,nse
responind,nse
midhani,nse
emil,nse
gael,nse
balramchin,nse
star,nse
jublingrea,nse
sardaen,nse
jmfinancil,nse
southbank,nse
heg,nse
chemplasts,nse
arvind,nse
rcf,nse
nava,nse
allcargo,nse
icil,nse
iwel,nse
knrcon,nse
fdc,nse
religare,nse
gravita,nse
rustomjee,nse
marksans,nse
niitmts,nse
ahlucont,nse
justdial,nse
triveni,nse
tvsscs,nse
garfibres,nse
vesuvius,nse
saregama,nse
dbl,nse
indiashltr,nse
bluejet,nse
balamines,nse
isgec,nse
avantifeed,nse
indiacem,nse
bectorfood,nse
campus,nse
ltfoods,nse
vijaya,nse
gocolors,nse
bororenew,nse
lxchem,nse
greenlam,nse
deepakfert,nse
cmsinfo,nse
krbl,nse
ethosltd,nse
texrail,nse
tci,nse
ibrealest,nse
jindworld,nse
emudhra,nse
pdsl,nse
ganeshhouc,nse
csbbank,nse
shareindia,nse
ifbind,nse
princepipe,nse
vaibhavgbl,nse
arvindfasn,nse
edelweiss,nse
senco,nse
spandana,nse
indigopnts,nse
genuspower,nse
symphony,nse
hginfra,nse
tipsindltd,nse
sis,nse
mstcltd,nse
nesco,nse
sanghvimov,nse
sanduma,nse
ujjivan,nse
itdcem,nse
cyientdlm,nse
epl,nse
suprajit,nse
sunteck,nse
hemiprop,nse
moil,nse
timetechno,nse
astramicro,nse
tril,nse
wonderla,nse
askautoltd,nse
lloydsengg,nse
gmmpfaudlr,nse
suryarosni,nse
vstind,nse
ptc,nse
jkpaper,nse
sansera,nse
choicein,nse
aurionpro,nse
paisalo,nse
itdc,nse
hndfds,nse
paradeep,nse
kesoramind,nse
hcc,nse
orchpharma,nse
jamnaauto,nse
icra,nse
rsystems,nse
prudent,nse
mtartech,nse
utkarshbnk,nse
rain,nse
dynamatech,nse
jaicorpltd,nse
rba,nse
gateway,nse
purva,nse
gujalkali,nse
nazara,nse
rallis,nse
vrllog,nse
gabriel,nse
dodla,nse
jkil,nse
rolexrings,nse
wabag,nse
pricolltd,nse
hcg,nse
agi,nse
dbcorp,nse
fusion,nse
dhanuka,nse
masfin,nse
sula,nse
tdpowersys,nse
gallantt,nse
jaynecoind,nse
gulfoillub,nse
samhi,nse
teamlease,nse
kirlpnu,nse
epigral,nse
tiil,nse
gopal,nse
jtektindia,nse
heidelberg,nse
sundarmhld,nse
rtnpower,nse
stltech,nse
jpassociat,nse
pateleng,nse
ashoka,nse
sindhutrad,nse
pgel,nse
nfl,nse
entero,nse
jsfb,nse
gokex,nse
bancoindia,nse
vmart,nse
shantigear,nse
ghcl,nse
sudarschem,nse
welent,nse
fedfina,nse
nocil,nse
tarc,nse
kkcl,nse
orientelec,nse
boroltd,nse
kirlosind,nse
balmlawrie,nse
fcl,nse
grwrhitech,nse
shardamotr,nse
parkhotels,nse
maxestates,nse
ti,nse
amiorg,nse
orientcem,nse
shilpamed,nse
aartidrugs,nse
lgbbrosltd,nse
aartipharm,nse
tciexp,nse
wstcstpapr,nse
advenzymes,nse
priviscl,nse
greenpanel,nse
venuspipes,nse
bbox,nse
iiflsec,nse
pilaniinvs,nse
rossari,nse
ksl,nse
dcbbank,nse
imagicaa,nse
bajajhind,nse
dcal,nse
harsha,nse
bbl,nse
yatharth,nse
orissamine,nse
thangamayl,nse
zaggle,nse
bharatras,nse
koltepatil,nse
kscl,nse
mediassist,nse
inoxgreen,nse
hathway,nse
sswl,nse
unichemlab,nse
cignititec,nse
imfa,nse
ashapurmin,nse
hgs,nse
muthootmf,nse
subros,nse
ramky,nse
sunflag,nse
carerating,nse
gensol,nse
skipper,nse
laopala,nse
lumaxtech,nse
dcxindia,nse
bomdyeing,nse
hikal,nse
jisljaleqs,nse
cupid,nse
avalon,nse
luxind,nse
nucleus,nse
tastybite,nse
sotl,nse
arvsmart,nse
sandhar,nse
salasar,nse
neogen,nse
datamatics,nse
jtlind,nse
anup,nse
heritgfood,nse
thyrocare,nse
vadilalind,nse
navnetedul,nse
dishtv,nse
kddl,nse
kalamandir,nse
landmark,nse
indoco,nse
bajajcon,nse
tvssrichak,nse
cartrade,nse
sbcl,nse
fiemind,nse
prakash,nse
deltacorp,nse
rajratan,nse
ideaforge,nse
mahlog,nse
pfocus,nse
greavescot,nse
dollar,nse
uflex,nse
unitech,nse
bfutilitie,nse
shardacrop,nse
banarisug,nse
sequent,nse
greenply,nse
maithanall,nse
shk,nse
sunclay,nse
guficbio,nse
blse,nse
diacabs,nse
esafsfb,nse
vsttillers,nse
hleglas,nse
bcg,nse
goodluck,nse
swarajeng,nse
seamecltd,nse
smlisuzu,nse
ashiana,nse
dalmiasug,nse
hindwareap,nse
sagcem,nse
saksoft,nse
apollo,nse
supriya,nse
autoaxles,nse
stylamind,nse
flair,nse
vindhyatel,nse
carysil,nse
thejo,nse
mpsltd,nse
marathon,nse
ismtltd,nse
filatex,nse
nrbbearing,nse
jchac,nse
moldtkpac,nse
dreamfolks,nse
gmrp&ui,nse
shalby,nse
innovacap,nse
pfs,nse
ajmera,nse
hmaagro,nse
nilkamal,nse
rpglife,nse
tatva,nse
styrenix,nse
quickheal,nse
accelya,nse
repcohome,nse
pcjeweller,nse
apollopipe,nse
ganecos,nse
paragmilk,nse
bajel,nse
pspproject,nse
gipcl,nse
xproindia,nse
pittieng,nse
shaktipump,nse
tidewater,nse
shaily,nse
eveready,nse
confipet,nse
polyplex,nse
tajgvk,nse
tirumalchm,nse
spectrum,nse
paras,nse
exicom,nse
pgil,nse
manorama,nse
somanycera,nse
kingfa,nse
finopb,nse
uniparts,nse
indostar,nse
divgiitts,nse
hindoilexp,nse
sepc,nse
indiaglyco,nse
ipl,nse
genesys,nse
sanghiind,nse
bshsl,nse
satin,nse
axiscades,nse
artemismed,nse
sasken,nse
eihahotels,nse
dhani,nse
precwire,nse
vidhiing,nse
apcotexind,nse
huhtamaki,nse
lumaxind,nse
goclcorp,nse
wendt,nse
den,nse
yatra,nse
hondapower,nse
kcp,nse
emslimited,nse
jagran,nse
sangamind,nse
bepl,nse
capacite,nse
npst,nse
suven,nse
maninds,nse
diamondyd,nse
centum,nse
venkeys,nse
ikio,nse
tcnsbrands,nse
optiemus,nse
morepenlab,nse
mukandltd,nse
uds,nse
alembicltd,nse
ramasteel,nse
iolcp,nse
mbapl,nse
mmfl,nse
vakrangee,nse
tarsons,nse
astec,nse
jsll,nse
vishnu,nse
ttkhltcare,nse
mtnl,nse
rptech,nse
rpsgvent,nse
orienthot,nse
gtlinfra,nse
webelsolar,nse
jash,nse
ugrocap,nse
sdbl,nse
hpl,nse
tcplpack,nse
adffoods,nse
hmt,nse
mol,nse
mufin,nse
themismed,nse
panamapet,nse
manglmcem,nse
signpost,nse
hitech,nse
mayuruniq,nse
siysil,nse
jindalpoly,nse
krsnaa,nse
deepinds,nse
pnbgilts,nse
hil,nse
ricoauto,nse
bfinvest,nse
gandhar,nse
ifglexpor,nse
barbeque,nse
andhrapap,nse
irmenergy,nse
riil,nse
shrirampps,nse
globusspr,nse
dredgecorp,nse
rupa,nse
sjs,nse
paracables,nse
expleosol,nse
precam,nse
bharatwire,nse
gtpl,nse
vprpl,nse
adorweld,nse
dpabhushan,nse
fosecoind,nse
scilal,nse
seshapaper,nse
jindrill,nse
yasho,nse
greenpower,nse
nitinspin,nse
goldiam,nse
pixtrans,nse
sigachi,nse
armanfin,nse
monarch,nse
amrutanjan,nse
fmgoetze,nse
penind,nse
gepil,nse
pvsl,nse
jublinds,nse
63moons,nse
cantabil,nse
ramcoind,nse
jyotistruc,nse
vssl,nse
hercules,nse
nsil,nse
hlvltd,nse
suryoday,nse
tnpl,nse
subexltd,nse
rishabh,nse
servotech,nse
bhagchem,nse
atfl,nse
omaxe,nse
everestind,nse
premexpln,nse
gna,nse
gokulagro,nse
talbroauto,nse
dcmsrind,nse
nelco,nse
kicl,nse
motisons,nse
5paisa,nse
kiriindus,nse
capitalsfb,nse
indramedco,nse
aeroflex,nse
sirca,nse
shankara,nse
fairchemor,nse
blkashyap,nse
tfciltd,nse
sadhnaniq,nse
indnippon,nse
gvkpil,nse
raneholdin,nse
geojitfsl,nse
dcw,nse
sbglp,nse
bclind,nse
smspharma,nse
dpscltd,nse
camlinfine,nse
controlpr,nse
refex,nse
krishana,nse
ekc,nse
wheels,nse
jitfinfra,nse
v2retail,nse
salzerelec,nse
univcables,nse
spal,nse
epack,nse
swelectes,nse
gpthealth,nse
hitechgear,nse
insecticid,nse
peninland,nse
shredigcem,nse
spic,nse
niitltd,nse
bigbloc,nse
oriana,nse
spcenet,nse
shalpaints,nse
kamdhenu,nse
stovekraft,nse
rkswamy,nse
navkarcorp,nse
butterfly,nse
dhampursug,nse
ndtv,nse
arihantsup,nse
vasconeq,nse
kuantum,nse
aptecht,nse
indianhume,nse
rossellind,nse
ahl,nse
solara,nse
summitsec,nse
alicon,nse
ksolves,nse
igpl,nse
steelcas,nse
pokarna,nse
atl,nse
atulauto,nse
ganeshbe,nse
cosmofirst,nse
awhcl,nse
dwarkesh,nse
hariompipe,nse
smcglobal,nse
madrasfert,nse
dssl,nse
steelxind,nse
montecarlo,nse
e2e,nse
vertoz,nse
giriraj,nse
nglfine,nse
igarashi,nse
jaybarmaru,nse
avtnpl,nse
skygold,nse
tvtoday,nse
xchanging,nse
andhrsugar,nse
aclgati,nse
kopran,nse
enil,nse
veranda,nse
mvgjl,nse
ominfral,nse
zota,nse
snowman,nse
rajriltd,nse
punjabchem,nse
kitex,nse
texinfra,nse
impal,nse
himatseide,nse
dolatalgo,nse
mangchefer,nse
agarind,nse
repro,nse
dolphin,nse
uttamsugar,nse
centrum,nse
hesterbio,nse
beta,nse
marine,nse
blissgvs,nse
mspl,nse
lincoln,nse
saurashcem,nse
matrimony,nse
hardwyn,nse
gmbrew,nse
surajest,nse
sicallog,nse
trel,nse
pakka,nse
heranba,nse
ramrat,nse
dvl,nse
naclind,nse
rml,nse
nelcast,nse
kokuyocmln,nse
allsec,nse
macpower,nse
innovana,nse
roto,nse
stertools,nse
mukka,nse
til,nse
cslfinance,nse
gichsgfin,nse
satia,nse
mufti,nse
crest,nse
avadhsugar,nse
windlas,nse
krystal,nse
yuken,nse
asianene,nse
sportking,nse
kotyark,nse
clsel,nse
kamopaints,nse
hubtown,nse
valiantorg,nse
indotech,nse
coffeeday,nse
syncomf,nse
ndrauto,nse
dhanbank,nse
onepoint,nse
hirect,nse
kabraextru,nse
remus,nse
indorama,nse
gulpoly,nse
heubachind,nse
oal,nse
creative,nse
onwardtec,nse
urja,nse
pvp,nse
rohltd,nse
blal,nse
satindltd,nse
vimtalabs,nse
zuariind,nse
gslsu,nse
naharsping,nse
manalipetc,nse
sastasundr,nse
dlinkindia,nse
rgl,nse
focus,nse
gandhitube,nse
kelltontec,nse
platind,nse
kernex,nse
ramcosys,nse
walchannag,nse
chemfab,nse
unienter,nse
sarveshwar,nse
bodalchem,nse
semac,nse
visakaind,nse
likhitha,nse
wel,nse
asal,nse
amnplst,nse
gptinfra,nse
ninsys,nse
shivalik,nse
vhl,nse
owais,nse
tracxn,nse
excelindus,nse
infobean,nse
sandesh,nse
eimcoeleco,nse
centenka,nse
hpal,nse
micel,nse
faze3q,nse
orientppr,nse
maxind,nse
grpltd,nse
denora,nse
asalcbr,nse
gkwlimited,nse
vlsfinance,nse
speciality,nse
chemcon,nse
srhhypoltd,nse
ppl,nse
nclind,nse
hexatradex,nse
deccance,nse
sutlejtex,nse
spencers,nse
basilic,nse
silvertuc,nse
schand,nse
agstra,nse
dycl,nse
alpexsolar,nse
radiantcms,nse
ambikco,nse
bajajhcare,nse
rswm,nse
sakar,nse
munjalau,nse
hmvl,nse
eldehsg,nse
indoamin,nse
dentalkart,nse
vikaslife,nse
rushil,nse
adsl,nse
bconcepts,nse
dbol,nse
linc,nse
radhikajwe,nse
dharmaj,nse
magadsugar,nse
cheviot,nse
vinyas,nse
balajitele,nse
oswalgreen,nse
icemake,nse
gfllimited,nse
panaceabio,nse
stcindia,nse
tru,nse
ugarsugar,nse
maanalu,nse
nrail,nse
jagsnpharm,nse
ghcltextil,nse
asiantiles,nse
davangere,nse
pocl,nse
kotharipet,nse
consofinvt,nse
acl,nse
zuari,nse
grmover,nse
bedmutha,nse
sukhjits,nse
ester,nse
wsi,nse
tnpetro,nse
foodsin,nse
theinvest,nse
dhuninv,nse
tbz,nse
emkaytools,nse
kecl,nse
emamipap,nse
electherm,nse
lokeshmach,nse
selan,nse
avg,nse
sahana,nse
dmcc,nse
neclife,nse
birlacable,nse
goacarbon,nse
jgchem,nse
annapurna,nse
3iinfoltd,nse
wealth,nse
parsvnath,nse
advanihotr,nse
kriti,nse
elin,nse
dpwires,nse
megasoft,nse
occl,nse
munjalshow,nse
zeemedia,nse
solex,nse
mmp,nse
chembond,nse
jayagrogn,nse
jpolyinvst,nse
manaksia,nse
sreel,nse
onmobile,nse
sbc,nse
spmlinfra,nse
bhageria,nse
valiantlab,nse
menonbe,nse
kilitch,nse
pavnaind,nse
khaichem,nse
fcssoft,nse
mallcom,nse
nrl,nse
phantomfx,nse
apex,nse
kamathotel,nse
htmedia,nse
rubymills,nse
albertdavd,nse
kodytech,nse
lghl,nse
primesecu,nse
rbzjewel,nse
plastiblen,nse
irisdoreme,nse
pdmjepaper,nse
indswftlab,nse
mirzaint,nse
stel,nse
sakuma,nse
simplexinf,nse
arrowgreen,nse
vinylindia,nse
oswalagro,nse
hindcompos,nse
arihantcap,nse
mblinfra,nse
deepenr,nse
oriconent,nse
shreyas,nse
skmeggprod,nse
orientcer,nse
digispice,nse
zodiac,nse
krishival,nse
jetairways,nse
ratnaveer,nse
jindalphot,nse
radiocity,nse
hcl-insys,nse
rbl,nse
khadim,nse
axita,nse
asms,nse
birlamoney,nse
vishnuinfr,nse
vlegov,nse
bbtcl,nse
nagafert,nse
geecee,nse
race,nse
ritco,nse
tclcons,nse
balaxi,nse
pyramid,nse
remsonsind,nse
ufo,nse
accentmic,nse
ptl,nse
indoborax,nse
moldtech,nse
mazda,nse
mindteck,nse
coolcaps,nse
alletec,nse
20microns,nse
vikaseco,nse
orientbell,nse
donear,nse
careerp,nse
intlconv,nse
shreepushk,nse
pritikauto,nse
diaminesq,nse
silinv,nse
banswras,nse
sadbhav,nse
apcl,nse
naharindus,nse
duglobal,nse
geekaywire,nse
sgil,nse
tirupati,nse
medicameq,nse
megatherm,nse
tplplasteh,nse
rssoftware,nse
rbminfra,nse
wanbury,nse
genuspaper,nse
kanorichem,nse
vstl,nse
libertshoe,nse
global,nse
brnl,nse
novaagri,nse
tvselect,nse
vinsys,nse
ndl,nse
kritinut,nse
naharcap,nse
cleducate,nse
zimlab,nse
shivamauto,nse
systango,nse
unidt,nse
sarlapoly,nse
wticab,nse
kritika,nse
trf,nse
autoind,nse
muthootcap,nse
purvflexi,nse
nbifin,nse
aymsyntex,nse
mircelectr,nse
naharpoly,nse
iitl,nse
goldtech,nse
venusrem,nse
krishnadef,nse
windmachin,nse
aps,nse
apolsinhot,nse
bpl,nse
cybertech,nse
kotarisug,nse
il&fsengg,nse
shivaum,nse
essarshpng,nse
cellecor,nse
prozoner,nse
aartisurf,nse
lal,nse
cineline,nse
techlabs,nse
felix,nse
nippobatry,nse
premierpol,nse
vardhacrlc,nse
rppinfra,nse
higreen,nse
surani,nse
nilainfra,nse
kaya,nse
sjlogistic,nse
crayons,nse
nitco,nse
eurobond,nse
medico,nse
alankit,nse
emamireal,nse
saakshi,nse
sejalltd,nse
shemaroo,nse
bewltd,nse
ifbagro,nse
dicind,nse
precot,nse
asahisong,nse
orbtexp,nse
modisonltd,nse
aurum,nse
kdl,nse
exxaro,nse
karnika,nse
sahyadri,nse
skp,nse
kcpsugind,nse
mkpl,nse
manaksteel,nse
univphoto,nse
scpl,nse
sigma,nse
izmo,nse
sintercom,nse
foce,nse
poddarment,nse
plazacable,nse
dcmnvl,nse
shyamcent,nse
sakhtisug,nse
esfl,nse
atmastco,nse
kore,nse
lykalabs,nse
starpaper,nse
srghfl,nse
hindmotors,nse
ponnierode,nse
ashimasyn,nse
kotharipro,nse
gokul,nse
hitechcorp,nse
digikore,nse
knagri,nse
uravi,nse
lawsikho,nse
goldstar,nse
tcl,nse
ruchira,nse
mahepc,nse
prov,nse
osiahyper,nse
mawanasug,nse
rhl,nse
nathbiogen,nse
eiffl,nse
sartele,nse
vipulltd,nse
essentia,nse
mwl,nse
ucal,nse
pasuptac,nse
drone,nse
infinium,nse
coastcorp,nse
mos,nse
bil,nse
indterrain,nse
aries,nse
shreerama,nse
dynpro,nse
shera,nse
mhlxmiru,nse
ndlventure,nse
gulfpetro,nse
take,nse
equippp,nse
smlt,nse
harrmalaya,nse
umaexports,nse
lancorhol,nse
propequity,nse
softtech,nse
manomay,nse
repl,nse
ranasug,nse
newjaisa,nse
shreyanind,nse
ivc,nse
rajtv,nse
vipclothng,nse
abinfra,nse
tipsfilms,nse
southwest,nse
aban,nse
airan,nse
supremepwr,nse
virinchi,nse
goyalsalt,nse
trigyn,nse
emkay,nse
indothai,nse
rajmet,nse
ramapho,nse
mgel,nse
lordschlo,nse
swaraj,nse
rppl,nse
almondz,nse
tembo,nse
zodiacloth,nse
ascom,nse
pilita,nse
aaron,nse
jaysreetea,nse
krishca,nse
intentech,nse
ruchinfra,nse
murudcera,nse
drcsystems,nse
sundrmbrak,nse
vishwaraj,nse
usk,nse
hindcon,nse
oswalseeds,nse
par,nse
megastar,nse
zeal,nse
bhagyangr,nse
konstelec,nse
welinv,nse
maralover,nse
magnum,nse
ginnifila,nse
sadhav,nse
tarachand,nse
kmsugar,nse
asianhotnr,nse
svll,nse
gujapollo,nse
nureca,nse
starteck,nse
frog,nse
praxis,nse
shreekarni,nse
comsyn,nse
abcots,nse
bgrenergy,nse
rkec,nse
mcleodruss,nse
chavda,nse
loyaltex,nse
kapston,nse
brooks,nse
thomascott,nse
basml,nse
rvhl,nse
ppap,nse
delphifx,nse
elgirubco,nse
sadbhin,nse
dci,nse
anmol,nse
a2zinfra,nse
ahleast,nse
veto,nse
manorg,nse
sah,nse
roxhitech,nse
airolam,nse
baidfin,nse
selmc,nse
drsdilip,nse
texmopipes,nse
ttl,nse
girresorts,nse
manakcoat,nse
jma,nse
cordscable,nse
devit,nse
iris,nse
crown,nse
raneengine,nse
omaxauto,nse
trejhara,nse
nilaspaces,nse
byke,nse
modirubber,nse
anlon,nse
priti,nse
paragon,nse
neccltd,nse
cchhl,nse
superhouse,nse
ramanews,nse
hilton,nse
ndgl,nse
gss,nse
lgbforge,nse
indowind,nse
mep,nse
btml,nse
vmarcind,nse
unitedpoly,nse
rmdrip,nse
alphageo,nse
qmsmedi,nse
usaseeds,nse
unihealth,nse
rockingdce,nse
esconet,nse
smslife,nse
vardmnpoly,nse
avonmore,nse
lagnam,nse
aksharchem,nse
modthread,nse
ssfl,nse
iel,nse
baheti,nse
zeelearn,nse
gencon,nse
suranat&p,nse
delaplex,nse
aspinwall,nse
dtil,nse
deneers,nse
kceil,nse
avpinfra,nse
kanprpla,nse
cmnl,nse
rajsreesug,nse
kbcglobal,nse
eforce,nse
aurdis,nse
indbank,nse
tarmat,nse
inm,nse
maxposure,nse
infollion,nse
bafnaph,nse
mahapexltd,nse
efactor,nse
cloud,nse
compusoft,nse
djml,nse
ducon,nse
atlantaa,nse
pratham,nse
madhavbaug,nse
maheshwari,nse
shivatex,nse
sigind,nse
dhruv,nse
secl,nse
nitiraj,nse
inventure,nse
atam,nse
spectstm,nse
aarvi,nse
weizmanind,nse
salsteel,nse
alpa,nse
gvptech,nse
shreeosfm,nse
sonamac,nse
globalvect,nse
manakaluco,nse
incredible,nse
blblimited,nse
erosmedia,nse
supremeinf,nse
smartlink,nse
vital,nse
viseshinfo,nse
cadsys,nse
xelpmoc,nse
swastik,nse
praeng,nse
muktaarts,nse
parin,nse
viviana,nse
umangdairy,nse
bsl,nse
mahasteel,nse
archidply,nse
cte,nse
arshiya,nse
aartech,nse
salona,nse
lovable,nse
canarys,nse
baweja,nse
urban,nse
bagfilms,nse
isft,nse
kll,nse
greenchef,nse
ivp,nse
worth,nse
sonamltd,nse
sumit,nse
tirupatifl,nse
emmbi,nse
arvee,nse
unitedtea,nse
univastu,nse
lloyds,nse
suranasol,nse
somiconvey,nse
kakatcem,nse
shigan,nse
bharatgear,nse
ondoor,nse
oilcountub,nse
splil,nse
captrust,nse
fidel,nse
mdl,nse
3rdrock,nse
veekayem,nse
dynamic,nse
gillanders,nse
centext,nse
shritech,nse
total,nse
mitcon,nse
arham,nse
touchwood,nse
jocil,nse
vaishali,nse
fconsumer,nse
digidrive,nse
kel,nse
coralfinac,nse
accuracy,nse
kalyanifrg,nse
niraj,nse
srivasavi,nse
ipsl,nse
gtl,nse
relchemq,nse
indiancard,nse
mangalam,nse
palredtec,nse
sil,nse
lemerite,nse
balpharma,nse
kohinoor,nse
akanksha,nse
rhfl,nse
lambodhara,nse
cubextub,nse
goldkart,nse
ahlada,nse
beardsell,nse
il&fstrans,nse
hpil,nse
pansari,nse
amjland,nse
noidatoll,nse
dbstockbro,nse
homesfy,nse
s&spower,nse
grcl,nse
pulz,nse
aki,nse
agritech,nse
dcm,nse
prakashstl,nse
sotac,nse
shradha,nse
madhusudan,nse
jainam,nse
fonebox,nse
sundaram,nse
mro-tek,nse
krebsbio,nse
khfm,nse
pashupati,nse
ducol,nse
akshoptfbr,nse
wipl,nse
patintlog,nse
iblfl,nse
vr,nse
gicl,nse
jhs,nse
flexituff,nse
ausoment,nse
dangee,nse
dgcontent,nse
artnirman,nse
shah,nse
securkloud,nse
suryalaxmi,nse
bvcl,nse
goyalalum,nse
transteel,nse
bhandari,nse
partycrus,nse
motogenfin,nse
palashsecu,nse
anikinds,nse
shahalloys,nse
tainwalchm,nse
suvidhaa,nse
lotuseye,nse
gangessecu,nse
agni,nse
sikko,nse
amdind,nse
steelcity,nse
tphq,nse
globe,nse
fretail,nse
somatex,nse
aareydrugs,nse
quicktouch,nse
lasa,nse
zenithdrug,nse
zenithstl,nse
lpdc,nse
nirman,nse
nagreekexp,nse
avroind,nse
alkali,nse
aaatech,nse
cinevista,nse
energydev,nse
atalreal,nse
grobtea,nse
simbhals,nse
globalpet,nse
banka,nse
pioneeremb,nse
keyfinserv,nse
pktea,nse
deltamagnt,nse
archies,nse
mahickra,nse
obcl,nse
saifl,nse
indswftltd,nse
biofilchem,nse
vinny,nse
sambhaav,nse
damodarind,nse
gangaforge,nse
mhhl,nse
vaswani,nse
hisarmetal,nse
paraspetro,nse
secmark,nse
celebrity,nse
presstonic,nse
synoptics,nse
yaari,nse
aakash,nse
regenceram,nse
tokyoplast,nse
zenithexpo,nse
moksh,nse
dollex,nse
arabian,nse
treehouse,nse
deem,nse
arihantaca,nse
astron,nse
panache,nse
pritika,nse
sampann,nse
enfuse,nse
mcl,nse
fiberweb,nse
prolife,nse
precision,nse
babafp,nse
auroimpex,nse
pramara,nse
pentagon,nse
mal,nse
pigl,nse
rcdl,nse
mbecl,nse
setco,nse
holmarc,nse
timesgty,nse
maitreya,nse
nibl,nse
signoria,nse
karmaeng,nse
avsl,nse
vels,nse
latteys,nse
pnc,nse
monopharma,nse
vertexplus,nse
mvkagro,nse
svpglob,nse
dil,nse
balkrishna,nse
marco,nse
orientltd,nse
rilinfra,nse
spyl,nse
gtecjainx,nse
yudiz,nse
agrophos,nse
shubhlaxmi,nse
mcon,nse
ambaniorg,nse
aisl,nse
cps,nse
hovs,nse
kananiind,nse
shivamills,nse
prudmouli,nse
scml,nse
aatmaj,nse
ktl,nse
cerebraint,nse
excel,nse
sheetal,nse
graphisad,nse
hecproject,nse
securcred,nse
arogranite,nse
madhucon,nse
wewin,nse
kkvapow,nse
reliable,nse
akshar,nse
dhtl,nse
perfect,nse
milton,nse
goldentobc,nse
lexus,nse
magson,nse
service,nse
roml,nse
ngil,nse
clsl,nse
omfurn,nse
viaz,nse
tridhya,nse
bang,nse
morarjee,nse
manugraph,nse
malupaper,nse
ucl,nse
siddhika,nse
jaipurkurt,nse
sptl,nse
cellpoint,nse
micropro,nse
committed,nse
hbsl,nse
banarbeads,nse
sangani,nse
bdr,nse
jetfreight,nse
marshall,nse
abmintlltd,nse
terasoft,nse
akg,nse
pearlpoly,nse
poddarhous,nse
shanthala,nse
aarveeden,nse
rexpipes,nse
jetknit,nse
enser,nse
shrenik,nse
dnamedia,nse
master,nse
acsal,nse
silgo,nse
akash,nse
seyaind,nse
ajooni,nse
tfl,nse
tapifruit,nse
lfic,nse
womancart,nse
aslind,nse
timescan,nse
ankitmetal,nse
icdsltd,nse
yccl,nse
uma,nse
walpar,nse
sonuinfra,nse
sel,nse
libas,nse
3pland,nse
burnpur,nse
sitinet,nse
rkdl,nse
maks,nse
srpl,nse
bmetrics,nse
italiane,nse
laxmicot,nse
uwcsl,nse
tntele,nse
ambicaagar,nse
ashokamet,nse
adl,nse
khandse,nse
vineetlab,nse
techin,nse
pattech,nse
cbazaar,nse
binaniind,nse
21stcenmgm,nse
kridhaninf,nse
godha,nse
jfllife,nse
ishan,nse
nextmedia,nse
suuld,nse
aristo,nse
tgbhotels,nse
dkegl,nse
marinetran,nse
destiny,nse
flfl,nse
arssinfra,nse
onelifecap,nse
inspire,nse
vscl,nse
sgl,nse
educomp,nse
sagardeep,nse
rollt,nse
kontor,nse
shaival,nse
agarwalft,nse
tecilchem,nse
cmrsl,nse
nidan,nse
uniinfo,nse
councodos,nse
ameya,nse
superspin,nse
cybermedia,nse
tijaria,nse
willamagor,nse
gstl,nse
compinfo,nse
mindpool,nse
polysil,nse
havisha,nse
jiwanram,nse
madhav,nse
nkind,nse
sanginita,nse
megaflex,nse
adroitinfo,nse
fmnl,nse
headsup,nse
keeplearn,nse
aceinteg,nse
vividha,nse
kck,nse
sabar,nse
agul,nse
fsc,nse
gatech,nse
impexferro,nse
qfil,nse
khaitanltd,nse
narmada,nse
fel,nse
gretex,nse
vijifin,nse
bohraind,nse
moxsh,nse
mohitind,nse
vilinbio,nse
hrhnext,nse
sunrest,nse
sprl,nse
sumeetinds,nse
hybridfin,nse
vera,nse
sahaj,nse
goenka,nse
quadpro,nse
antgraphic,nse
indifra,nse
orientaltl,nse
lccinfotec,nse
lrrpl,nse
maskinvest,nse
olil,nse
kavveritel,nse
mittal,nse
gujraffia,nse
kshitijpol,nse
conti,nse
glfl,nse
ntl,nse
calsoft,nse
ailimited,nse
kandarp,nse
pladainfo,nse
mteducare,nse
winsome,nse
kaushalya,nse
drl,nse
bright,nse
nagreekcap,nse
tvvision,nse
vcl,nse
transwind,nse
digjamlmtd,nse
ritezone,nse
metalforge,nse
shanti,nse
lypsagems,nse
richa,nse
manav,nse
norbteaexp,nse
tarapur,nse
bluechip,nse
vivo,nse
ortinlab,nse
saroja,nse
jakharia,nse
mptoday,nse
sillymonks,nse
eurotexind,nse
amiable,nse
umesltd,nse
omkarchem,nse
kalyani,nse
arenterp,nse
bkmindst,nse
nirajispat,nse
innovative,nse
accord,nse
shyamtel,nse
smvd,nse
dcmfinserv,nse
premier,nse
creativeye,nse
ahimsa,nse
abnint,nse
alpsindus,nse
melstar,nse
jalan,nse
sabevents,nse
sanco,nse
bhalchandr,nse
lakpre,nse
vasa,nse
cmmipl,nse
